{
  "name": "angelsinfiniteores",
  "version": "0.9.10",
  "factorio_version": "1.1",
  "title": "Angel's Infinite Ores",
  "author": "Arch666Angel",
  "contact": "",
  "homepage": "https://forums.factorio.com/viewforum.php?f=185",
  "description": "Adds infinite ores for the base game, Bob's mods, Yuoki Industries, Uranium Power, Nucular, Dark Matter Replicators and the base ores for Angel's Refining. Works well with RSO mod. Has config options to change the yield for all infinite resources including oil and gas.",
  "dependencies": [
    "base >= 1.1.33",
    "? angelsrefining >= 0.11.19",
    "? rso-mod >= 2.3.3",
    "? bobores >= 0.18.3",
    "? bobplates >= 0.18.8",
    "? Yuoki >= 0.4.0",
    "? UraniumPower >= 0.6.3",
    "? Nucular >= 0.2.0",
    "? dark-matter-replicators >= 0.6.1",
    "(?) dark-matter-replicators-18 >= 1.1.0",
    "? pycoalprocessing >= 1.3.4",
    "? pyrawores >= 1.5.2",
    "? pypetroleumhandling >= 1.2.4"
  ]
}
